City_ID,City,Lat,Lng,Max Temp,Humidity,Cloudiness,Wind Speed,Country,Date
0,Albany,42.6001,-73.9662,48.67,71,100,3.83,US,11/27/22 18:40
1,Veraval,20.9,70.3667,73.27,49,0,5.08,IN,11/27/22 18:40
2,Mataura,-46.1927,168.8643,45.05,86,95,2.24,NZ,11/27/22 18:40
3,Faanui,-16.4833,-151.75,78.84,75,18,14.74,PF,11/27/22 18:40
4,Ingleside,27.8778,-97.2117,77.02,60,0,5.75,US,11/27/22 18:40
5,Bereda,43.2686,-7.5406,48.42,100,82,3.6,ES,11/27/22 18:40
6,Upernavik,72.7868,-56.1549,11.21,80,100,4.83,GL,11/27/22 18:40
7,Torbay,47.6666,-52.7314,43.39,96,100,18.41,CA,11/27/22 18:40
8,Hermanus,-34.4187,19.2345,65.8,75,0,17.94,ZA,11/27/22 18:40
9,Qaanaaq,77.484,-69.3632,-10.01,71,15,6.85,GL,11/27/22 18:40
10,Valkla,59.4744,25.3186,27.66,91,92,5.93,EE,11/27/22 18:40
11,Georgetown,5.4112,100.3354,80.24,91,20,0,MY,11/27/22 18:40
12,Cherskiy,68.75,161.3,-24.32,96,100,1.66,RU,11/27/22 18:40
13,Barrow,71.2906,-156.7887,1.42,92,100,9.22,US,11/27/22 18:40
14,Tasiilaq,65.6145,-37.6368,24.96,61,11,7.16,GL,11/27/22 18:37
15,Alice Springs,-23.7,133.8833,69.35,56,17,5.75,AU,11/27/22 18:40
16,Sao Filipe,14.8961,-24.4956,79.12,61,0,12.62,CV,11/27/22 18:38
17,Vallenar,-28.5708,-70.7581,84.16,35,0,9.31,CL,11/27/22 18:40
18,Qingyuan,23.7,113.0333,73.38,98,93,4.36,CN,11/27/22 18:40
19,Bambous Virieux,-20.3428,57.7575,73.65,78,20,3.44,MU,11/27/22 18:38
20,San Patricio,28.017,-97.5169,76.87,63,0,7.07,US,11/27/22 18:40
21,Cayenne,4.9333,-52.3333,80.64,83,75,6.91,GF,11/27/22 18:40
22,Chuy,-33.6971,-53.4616,77.27,65,12,12.62,UY,11/27/22 18:40
23,Bredasdorp,-34.5322,20.0403,63.5,78,0,13.94,ZA,11/27/22 18:38
24,Ribeira Grande,38.5167,-28.7,64.8,77,40,21.99,PT,11/27/22 18:40
25,Atuona,-9.8,-139.0333,77.76,70,9,15.08,PF,11/27/22 18:40
26,Hofn,64.2539,-15.2082,40.48,73,100,3,IS,11/27/22 18:40
27,Busselton,-33.65,115.3333,51.28,83,0,11.81,AU,11/27/22 18:40
28,Jamestown,42.097,-79.2353,48.02,77,100,11.5,US,11/27/22 18:37
29,Saskylakh,71.9167,114.0833,-13.54,100,97,4.65,RU,11/27/22 18:40
30,Cape Town,-33.9258,18.4232,72.01,61,0,20.71,ZA,11/27/22 18:40
31,New Norfolk,-42.7826,147.0587,47.7,73,82,1.01,AU,11/27/22 18:40
32,Arraial Do Cabo,-22.9661,-42.0278,76.86,83,75,20.71,BR,11/27/22 18:38
33,Kosice,48.6667,21.3333,39.69,76,75,4.61,SK,11/27/22 18:40
34,Rikitea,-23.1203,-134.9692,74.98,73,2,3.13,PF,11/27/22 18:37
35,Ostrovnoy,68.0531,39.5131,26.96,84,100,25.84,RU,11/27/22 18:40
36,Vanimo,-2.6741,141.3028,77.27,87,95,3.47,PG,11/27/22 18:40
37,Campbell River,50.0163,-125.2446,40.44,100,20,2.3,CA,11/27/22 18:40
38,Freeport,40.6576,-73.5832,56.37,77,100,16.11,US,11/27/22 18:40
39,Mount Isa,-20.7333,139.5,74.97,88,100,5.75,AU,11/27/22 18:40
40,Ushuaia,-54.8,-68.3,56.82,47,20,3.44,AR,11/27/22 18:40
41,Cosolapa,18.5833,-96.65,83.28,69,68,3.85,MX,11/27/22 18:40
42,Hami,42.8,93.45,8.96,38,0,15.68,CN,11/27/22 18:39
43,Tuatapere,-46.1333,167.6833,45.39,85,100,3.91,NZ,11/27/22 18:40
44,Rozhnyativ,48.9358,24.1638,31.59,94,100,1.3,UA,11/27/22 18:40
45,Shimoda,34.6667,138.95,54.1,78,100,4.92,JP,11/27/22 18:40
46,Ruteng,-8.6136,120.4721,62.55,89,100,0.36,ID,11/27/22 18:40
47,Mar Del Plata,-38.0023,-57.5575,82.83,84,0,9.22,AR,11/27/22 18:41
48,Souillac,-20.5167,57.5167,73.78,78,20,3.44,MU,11/27/22 18:41
49,Tual,-5.6667,132.75,83.03,77,100,9.53,ID,11/27/22 18:41
50,Beringovskiy,63.05,179.3167,18.3,90,100,5.97,RU,11/27/22 18:41
51,Puerto Ayora,-0.7393,-90.3518,76.96,87,51,5.99,EC,11/27/22 18:41
52,Nadym,65.5333,72.5167,-4.54,92,32,8.97,RU,11/27/22 18:41
53,Slavsk,55.0425,21.677,31.87,99,100,4.56,RU,11/27/22 18:41
54,Kavieng,-2.5744,150.7967,82.92,72,13,8.34,PG,11/27/22 18:37
55,Jumla,29.2747,82.1838,43.48,59,0,4.81,NP,11/27/22 18:41
56,Bitung,1.4451,125.1824,74.25,83,75,6.93,ID,11/27/22 18:41
57,Mahebourg,-20.4081,57.7,73.69,78,20,3.44,MU,11/27/22 18:41
58,Lebu,-37.6167,-73.65,65.43,63,0,10.49,CL,11/27/22 18:41
59,Punakha,27.5837,89.8598,53.53,75,3,1.66,BT,11/27/22 18:41
60,Yellowknife,62.456,-114.3525,10.92,85,100,12.66,CA,11/27/22 18:39
61,Kahului,20.8947,-156.47,72.84,88,100,5.01,US,11/27/22 18:41
62,Atar,20.5169,-13.0499,76.32,18,0,10.65,MR,11/27/22 18:41
63,Ampanihy,-24.7,44.75,76.42,68,100,2.19,MG,11/27/22 18:41
64,Zhanaozen,43.3,52.8,41.99,57,100,15.86,KZ,11/27/22 18:41
65,San Cristobal,7.7669,-72.225,75.38,84,100,0.36,VE,11/27/22 18:41
66,Riyadh,24.6877,46.7219,75.34,27,0,5.35,SA,11/27/22 18:40
67,Arani,12.6667,79.2833,73.71,91,89,0.45,IN,11/27/22 18:41
68,Taltal,-25.4,-70.4833,68.18,71,38,8.16,CL,11/27/22 18:41
69,Port Alfred,-33.5906,26.891,64.18,94,94,4,ZA,11/27/22 18:41
70,Clyde River,70.4692,-68.5914,-16.37,76,0,3.44,CA,11/27/22 18:41
71,Bainbridge,47.6262,-122.5212,46.13,85,75,12.66,US,11/27/22 18:38
72,Avarua,-21.2078,-159.775,77.05,73,20,9.22,CK,11/27/22 18:41
73,Cabedelo,-6.9811,-34.8339,84.87,69,29,10.38,BR,11/27/22 18:41
74,Yulara,-25.2406,130.9889,72.41,22,100,15.55,AU,11/27/22 18:41
75,Bengkulu,-3.8004,102.2655,75.6,89,100,3.38,ID,11/27/22 18:41
76,Mandalgovi,45.7625,106.2708,-8.82,88,100,25.28,MN,11/27/22 18:41
77,Lagoa,39.05,-27.9833,62.98,81,100,25.12,PT,11/27/22 18:41
78,Tiksi,71.6872,128.8694,-28.43,99,86,7.45,RU,11/27/22 18:42
79,Whitehorse,60.7161,-135.0538,16.57,79,100,9.22,CA,11/27/22 18:40
80,Catia La Mar,10.6038,-67.0303,85.98,76,40,2.3,VE,11/27/22 18:42
81,Redmond,47.674,-122.1215,46.22,90,88,3,US,11/27/22 18:40
82,Provideniya,64.3833,-173.3,15.62,95,100,5.84,RU,11/27/22 18:37
83,Yasu,35.068,136.0233,50.09,63,100,1.66,JP,11/27/22 18:42
84,Saldanha,-33.0117,17.9442,69.85,79,5,19.06,ZA,11/27/22 18:42
85,Bara,10.3744,10.7288,76.78,23,37,7.02,NG,11/27/22 18:42
86,Norman Wells,65.282,-126.8329,3.24,78,100,20.71,CA,11/27/22 18:42
87,Yar-Sale,66.8333,70.8333,-0.31,92,85,5.59,RU,11/27/22 18:42
88,Bomi,7.2461,-11.5258,77.77,82,95,4.07,SL,11/27/22 18:43
89,Punta Arenas,-53.15,-70.9167,62.71,34,0,18.41,CL,11/27/22 18:41
90,Iquique,-20.2208,-70.1431,69.84,66,27,8.23,CL,11/27/22 18:43
91,Rosetta,31.4044,30.4164,65.12,61,25,10.67,EG,11/27/22 18:43
92,Hilo,19.7297,-155.09,77.25,78,0,4.61,US,11/27/22 18:43
93,Benguela,-12.5763,13.4055,78.31,82,100,4.52,AO,11/27/22 18:43
94,Hithadhoo,-0.6,73.0833,80.92,74,100,4.61,MV,11/27/22 18:43
95,Eidfjord,60.4675,7.0719,44.33,98,100,6.85,NO,11/27/22 18:39
96,Hobart,-42.8794,147.3294,48.06,73,68,11.5,AU,11/27/22 18:42
97,Svobodnyy,51.4,128.1333,-7.82,96,72,4.97,RU,11/27/22 18:43
98,Mugur-Aksy,50.35,90.5,-23.42,78,12,6.13,RU,11/27/22 18:43
99,Sakakah,29.9697,40.2064,63.97,48,100,13.73,SA,11/27/22 18:43
100,Stornoway,58.2093,-6.3865,49.96,82,100,25.32,GB,11/27/22 18:43
101,Zheleznodorozhnyy,55.7503,38.0042,27.12,95,100,8.19,RU,11/27/22 18:43
102,Sitka,57.0531,-135.33,28.29,86,0,5.75,US,11/27/22 18:43
103,Luderitz,-26.6481,15.1594,61.09,89,4,3.31,NA,11/27/22 18:43
104,Bom Jesus,-9.0744,-44.3586,84.4,58,69,1.66,BR,11/27/22 18:43
105,Inhambane,-23.865,35.3833,73.38,94,75,0,MZ,11/27/22 18:43
106,Palmer,42.1584,-72.3287,54.64,49,100,6.91,US,11/27/22 18:43
107,Butaritari,3.0707,172.7902,81.05,76,10,11.95,KI,11/27/22 18:43
108,Mujiayingzi,42.1167,118.7833,23.7,59,60,3.31,CN,11/27/22 18:43
109,Saint-Philippe,-21.3585,55.7679,72.99,69,0,8.05,RE,11/27/22 18:43
110,Chokurdakh,70.6333,147.9167,-40.23,100,89,0.98,RU,11/27/22 18:43
111,Zabol,32.25,67.25,44.1,34,44,1.66,AF,11/27/22 18:43
112,Kloulklubed,7.0419,134.2556,77.5,78,99,14.79,PW,11/27/22 18:43
113,Bluff,-46.6,168.3333,45.73,84,100,7.11,NZ,11/27/22 18:43
114,Aksu,41.1231,80.2644,28.89,18,0,8.01,CN,11/27/22 18:43
115,Klaksvik,62.2266,-6.589,49.12,85,79,32.37,FO,11/27/22 18:43
116,Ko Samui,9.5357,99.9357,81.57,75,10,1.68,TH,11/27/22 18:43
117,Hasaki,35.7333,140.8333,45.28,56,100,4.32,JP,11/27/22 18:39
118,Qaqortoq,60.7167,-46.0333,24.6,92,100,7.67,GL,11/27/22 18:43
119,Shizunai,42.3339,142.3669,37.89,68,20,10.67,JP,11/27/22 18:43
120,Marawi,7.9986,124.2928,67.68,95,97,0.13,PH,11/27/22 18:43
121,Svetlogorsk,52.6333,29.7333,31.46,99,100,2.98,BY,11/27/22 18:43
122,Castro,-24.7911,-50.0119,64.4,92,98,8.66,BR,11/27/22 18:43
123,Moundou,8.5667,16.0833,77.92,25,10,4.34,TD,11/27/22 18:43
124,Port Hardy,50.6996,-127.4199,39.38,93,75,8.05,CA,11/27/22 18:43
125,Mecca,21.4267,39.8261,79.05,62,0,3.11,SA,11/27/22 18:43
126,Vychegodskiy,61.247,46.8984,6.69,97,100,2.24,RU,11/27/22 18:43
127,Pecos,31.4229,-103.4932,60.24,47,0,8.05,US,11/27/22 18:43
128,Edd,13.9297,41.6925,82.17,62,5,17.72,ER,11/27/22 18:43
129,Margate,51.3813,1.3862,53.31,97,100,1.99,GB,11/27/22 18:43
130,Plainview,40.7765,-73.4673,55.89,78,100,16.11,US,11/27/22 18:40
131,Itaituba,-4.2761,-55.9836,89.76,62,40,3.44,BR,11/27/22 18:43
132,Bundaberg,-24.85,152.35,74.21,79,100,1.01,AU,11/27/22 18:42
133,Chama,47.1821,8.4636,41.61,89,100,1.14,CH,11/27/22 18:44
134,Namatanai,-3.6667,152.4333,79.43,76,21,4.61,PG,11/27/22 18:44
135,Nikolskoye,59.7035,30.7861,22.91,93,99,5.61,RU,11/27/22 18:44
136,Port Lincoln,-34.7333,135.8667,55.58,71,80,10.38,AU,11/27/22 18:44
137,Rathdrum,47.8137,-116.892,38.8,74,100,12.66,US,11/27/22 18:44
138,Batsfjord,70.6345,29.7185,30.13,86,20,21.85,NO,11/27/22 18:44
139,Tommot,58.9564,126.2925,-38.42,100,100,0.49,RU,11/27/22 18:44
140,Kavaratti,10.5669,72.642,81.25,70,11,6.11,IN,11/27/22 18:44
141,Yicheng,31.3705,119.8703,60.73,88,76,8.55,CN,11/27/22 18:44
142,Severo-Kurilsk,50.6789,156.125,32.41,83,86,30.2,RU,11/27/22 18:44
143,Lima,-12.0432,-77.0282,68.25,73,100,9.22,PE,11/27/22 18:41
144,Loukhi,66.0764,33.0381,21.02,85,77,6.24,RU,11/27/22 18:44
145,Chingirlau,51.095,54.0814,22.71,47,100,14.52,KZ,11/27/22 18:44
146,Talnakh,69.4865,88.3972,1.2,98,100,10.45,RU,11/27/22 18:44
147,Olafsvik,64.8945,-23.7142,37.62,75,23,9.73,IS,11/27/22 18:44
148,Necochea,-38.5473,-58.7368,73.18,57,99,13.44,AR,11/27/22 18:44
149,San Carlos Del Zulia,9,-71.9135,85.75,67,95,5.03,VE,11/27/22 18:44
150,Hay River,60.8156,-115.7999,8.58,78,75,21.85,CA,11/27/22 18:44
151,Cidreira,-30.1811,-50.2056,73.13,78,92,15.28,BR,11/27/22 18:44
152,Atherton,53.5237,-2.4935,48.74,88,100,1.99,GB,11/27/22 18:44
153,Motegi,36.5167,140.1833,38.26,70,100,2.93,JP,11/27/22 18:44
154,Cocobeach,1.0002,9.5823,79.34,80,100,5.57,GA,11/27/22 18:44
155,Muscat,23.6139,58.5922,75.22,57,24,3.8,OM,11/27/22 18:44
156,Vangaindrano,-23.35,47.6,73.49,85,16,7.61,MG,11/27/22 18:44
157,Sao Joao Da Barra,-21.6403,-41.0511,75.29,92,100,18.41,BR,11/27/22 18:44
158,Carnarvon,-24.8667,113.6333,70.25,75,0,19.53,AU,11/27/22 18:44
159,Shelburne,44.0787,-80.2041,38.23,88,100,7.38,CA,11/27/22 18:44
160,Pauini,-7.7136,-66.9764,86.43,58,100,5.12,BR,11/27/22 18:44
161,Vaini,-21.2,-175.2,75.36,94,75,2.3,TO,11/27/22 18:44
162,Ilulissat,69.2167,-51.1,19.42,73,100,5.75,GL,11/27/22 18:44
163,Imbituba,-28.24,-48.6703,70.57,92,99,10.87,BR,11/27/22 18:44
164,Dukat,62.55,155.55,-8.79,99,100,6.46,RU,11/27/22 18:44
165,Petilia Policastro,39.1139,16.7855,50.45,71,63,8.68,IT,11/27/22 18:44
166,Saint-Pierre,-21.3393,55.4781,73.08,68,0,2.3,RE,11/27/22 18:44
167,Topolobampo,25.6,-109.05,71.51,30,0,6.91,MX,11/27/22 18:44
168,Yambio,4.5721,28.3955,71.28,81,100,5.7,SS,11/27/22 18:45
169,Bonavista,48.6499,-53.1147,39.15,97,100,16.4,CA,11/27/22 18:45
170,Bathsheba,13.2167,-59.5167,84.81,70,20,24.16,BB,11/27/22 18:45
171,Guadalajara,20.6667,-103.3333,75.97,40,20,5.75,MX,11/27/22 18:42
172,Kaitangata,-46.2817,169.8464,46.08,82,17,2.55,NZ,11/27/22 18:45
173,Victoria,22.2855,114.1577,77.95,93,61,8.99,HK,11/27/22 18:43
174,Dikson,73.5069,80.5464,10.62,98,100,2.55,RU,11/27/22 18:45
175,Broome,42.2506,-75.833,44.85,77,100,8.05,US,11/27/22 18:46
176,Aklavik,68.2191,-135.0107,-11.2,77,75,6.91,CA,11/27/22 18:46
177,Ossora,59.2353,163.0719,33.67,97,100,23.17,RU,11/27/22 18:46
178,Avera,33.194,-82.5271,76.51,52,11,18.86,US,11/27/22 18:46
179,Tuktoyaktuk,69.4541,-133.0374,-23.8,76,20,4.61,CA,11/27/22 18:46
180,Vostok,46.4856,135.8833,3.6,97,85,3.98,RU,11/27/22 18:46
181,Plettenberg Bay,-34.0527,23.3716,64.02,85,5,12.21,ZA,11/27/22 18:46
182,Dapaong,10.8639,0.205,81.66,18,5,5.3,TG,11/27/22 18:46
183,Suntar,62.1444,117.6319,-16.91,92,82,7.18,RU,11/27/22 18:46
184,Nuevitas,21.5453,-77.2644,85.15,57,5,9.33,CU,11/27/22 18:46
185,Grand Gaube,-20.0064,57.6608,73.8,71,2,1.99,MU,11/27/22 18:46
186,Coos Bay,43.3665,-124.2179,47.23,100,100,9.22,US,11/27/22 18:46
187,Alofi,-19.0595,-169.9187,76.89,83,100,5.75,NU,11/27/22 18:46
188,Vao,-22.6667,167.4833,75.27,76,100,16.24,NC,11/27/22 18:46
189,Kapaa,22.0752,-159.319,69.19,89,0,9.22,US,11/27/22 18:46
190,Puerto Ayacucho,5.6639,-67.6236,83.79,76,95,3.49,VE,11/27/22 18:46
191,Santa Cruz De La Palma,28.6835,-17.7642,69.94,73,20,10.36,ES,11/27/22 18:46
192,Griffith,41.5284,-87.4237,46.15,92,100,13.8,US,11/27/22 18:42
193,Chifeng,42.2683,118.9636,23.9,55,34,5.79,CN,11/27/22 18:46
194,Bayir,37.2687,28.2167,48.72,67,75,2.48,TR,11/27/22 18:46
195,Oussouye,12.485,-16.5469,86.09,36,24,6.33,SN,11/27/22 18:46
196,Werda,-25.2667,23.2833,81.36,31,65,13.42,BW,11/27/22 18:46
197,Thompson,55.7435,-97.8558,17.76,93,100,5.75,CA,11/27/22 18:46
198,Pemberton,50.3164,-122.8027,33.49,88,96,2.1,CA,11/27/22 18:46
199,Aykhal,66,111.5,-10.28,99,100,5.37,RU,11/27/22 18:46
200,Pangai,-19.8,-174.35,78.91,83,20,5.75,TO,11/27/22 18:46
201,Horqueta,-23.3428,-57.0597,91.36,37,3,6.6,PY,11/27/22 18:46
202,Byron Bay,-28.65,153.6167,68.41,90,100,11.12,AU,11/27/22 18:46
203,Xining,36.6167,101.7667,26.6,59,1,7,CN,11/27/22 18:46
204,Razgrad,43.5333,26.5167,39.99,81,100,4.36,BG,11/27/22 18:46
205,Kodiak,57.79,-152.4072,29.71,47,0,0,US,11/27/22 18:43
206,Guerrero Negro,27.9769,-114.0611,69.53,45,0,5.19,MX,11/27/22 18:46
207,Carmelo,-33.9892,-58.2856,87.35,40,0,16.24,UY,11/27/22 18:46
208,Port Elizabeth,-33.918,25.5701,66.49,89,20,6.91,ZA,11/27/22 18:45
209,Tete,-16.1564,33.5867,93.29,34,40,8.05,MZ,11/27/22 18:46
210,Airai,-8.9266,125.4092,60.71,88,100,1.79,TL,11/27/22 18:46
211,East London,-33.0153,27.9116,65.14,83,100,9.17,ZA,11/27/22 18:46
212,Puerto Colombia,10.9878,-74.9547,84.29,75,61,12.64,CO,11/27/22 18:46
213,Srivardhan,18.0333,73.0167,75.47,77,0,6.04,IN,11/27/22 18:46
214,Sakaiminato,35.55,133.2333,49.98,93,75,3.44,JP,11/27/22 18:46
215,Lavrentiya,65.5833,-171,14.94,95,100,9.31,RU,11/27/22 18:46
216,Kichera,55.9375,110.0997,-17.64,82,97,7.05,RU,11/27/22 18:46
217,Codrington,-38.2667,141.9667,46.18,86,100,8.23,AU,11/27/22 18:46
218,Lompoc,34.6391,-120.4579,67.84,52,0,9.22,US,11/27/22 18:46
219,Longyearbyen,78.2186,15.6401,28.24,80,0,4.61,SJ,11/27/22 18:47
220,Jasper,37.2001,-94.3502,45.45,81,100,13.8,US,11/27/22 18:44
221,Gusau,12.1628,6.6614,76.6,19,0,8.46,NG,11/27/22 18:47
222,Palmas De Monte Alto,-14.2672,-43.1619,76.95,73,100,4.18,BR,11/27/22 18:47
223,Shostka,51.863,33.4698,32.92,99,100,5.79,UA,11/27/22 18:47
224,Seoul,37.5683,126.9778,51.24,51,0,5.75,KR,11/27/22 18:45
225,Hualmay,-11.0964,-77.6139,71.37,73,54,8.5,PE,11/27/22 18:47
226,Durmersheim,48.9386,8.274,44.04,94,100,1.74,DE,11/27/22 18:47
227,Mehamn,71.0357,27.8492,30.11,80,0,14.97,NO,11/27/22 18:47
228,Boyolangu,-8.1181,111.8935,73.96,93,100,0.96,ID,11/27/22 18:46
229,Kidal,18.4411,1.4078,77.56,15,100,8.41,ML,11/27/22 18:47
230,Rabo De Peixe,37.8,-25.5833,63.28,98,75,17.27,PT,11/27/22 18:47
231,Rensvik,63.1,7.8167,52.07,46,75,5.75,NO,11/27/22 18:47
232,Miracatu,-24.2814,-47.4597,76.33,77,67,6.26,BR,11/27/22 18:47
233,Shubarshi,48.5872,57.1869,24.33,28,100,15.61,KZ,11/27/22 18:47
234,Salinas,36.6777,-121.6555,67.82,48,0,13.8,US,11/27/22 18:47
235,Formosa,-26.1775,-58.1781,93.18,46,20,5.75,AR,11/27/22 18:47
236,Sandnessjoen,66.0217,12.6316,46.51,58,0,5.01,NO,11/27/22 18:47
237,Grand Forks,47.9417,-97.4337,30.78,74,0,3.44,US,11/27/22 18:46
238,Acapulco,16.8634,-99.8901,85.82,66,75,4.61,MX,11/27/22 18:45
239,Constitucion,-35.3333,-72.4167,65.86,76,14,7.83,CL,11/27/22 18:45
240,Ndola,-12.9587,28.6366,64.53,93,100,1.79,ZM,11/27/22 18:47
241,Esperance,-33.8667,121.9,57.43,66,96,8.28,AU,11/27/22 18:47
242,Teberda,43.4456,41.7448,39.78,94,100,3.13,RU,11/27/22 18:47
243,Samarai,-10.6167,150.6667,80.92,76,100,4.45,PG,11/27/22 18:47
244,Cairns,-16.9167,145.7667,79.07,94,100,0,AU,11/27/22 18:47
245,Khatanga,71.9667,102.5,-26.72,100,69,0.56,RU,11/27/22 18:47
246,La Palma,33.8464,-118.0467,74.25,53,20,1.99,US,11/27/22 18:43
247,Batagay,67.6333,134.6333,-32.37,96,99,1.92,RU,11/27/22 18:47
248,Abu Samrah,35.3029,37.1841,53.92,74,100,10.67,SY,11/27/22 18:47
249,Sorland,67.667,12.6934,44.46,72,100,10.04,NO,11/27/22 18:47
250,Arrifes,37.7667,-25.7,62.24,77,75,17.27,PT,11/27/22 18:47
251,Cabo San Lucas,22.8909,-109.9124,81.52,41,0,1.99,MX,11/27/22 18:47
252,Cap Malheureux,-19.9842,57.6142,72.46,71,2,1.99,MU,11/27/22 18:47
253,Pakruojis,55.9667,23.8667,29.19,96,100,5.12,LT,11/27/22 18:47
254,Camden,39.7835,-74.9663,49.95,87,100,4,US,11/27/22 18:47
255,Ashford,51.1459,0.8728,53.22,98,100,1.99,GB,11/27/22 18:47
256,Ferrol,43.4832,-8.2369,57.27,77,62,15.73,ES,11/27/22 18:47
257,Domoni,-12.2569,44.5319,77.83,80,17,6.04,KM,11/27/22 18:47
258,Uray,60.1247,64.7758,-4.14,96,70,5.64,RU,11/27/22 18:47
259,Aasiaat,68.7098,-52.8699,8.64,97,100,6.31,GL,11/27/22 18:47
260,Luganville,-15.5333,167.1667,79.3,82,15,5.39,VU,11/27/22 18:47
261,Carbonear,47.7332,-53.2148,44.24,92,100,16.93,CA,11/27/22 18:47
262,Wanaka,-44.7,169.15,50.11,78,100,3.22,NZ,11/27/22 18:47
263,Coihaique,-45.5752,-72.0662,79.41,29,0,8.05,CL,11/27/22 18:47
264,Gizo,-8.103,156.8419,81.86,77,83,7.16,SB,11/27/22 18:47
265,Saint-Joseph,-21.3667,55.6167,71.98,68,4,6.26,RE,11/27/22 18:48
266,Banff,51.1762,-115.5698,25.18,86,100,9.22,CA,11/27/22 18:48
267,Falam,22.9167,93.6833,55.24,95,17,1.61,MM,11/27/22 18:48
268,Acari,-15.4311,-74.6158,80.47,54,11,11.86,PE,11/27/22 18:48
269,Sompeta,18.9333,84.6,67.69,61,0,4.79,IN,11/27/22 18:49
270,Kearney,40.6995,-99.0815,40.57,48,0,12.66,US,11/27/22 18:49
271,Nyurba,63.2842,118.3319,-23.71,95,73,6.67,RU,11/27/22 18:49
272,Gyanpur,25.35,82.4667,58.95,41,0,2.95,IN,11/27/22 18:49
273,Barcelos,41.5388,-8.6151,55.54,89,49,5.57,PT,11/27/22 18:49
274,Saint Anthony,45.0205,-93.218,41.76,65,0,11.5,US,11/27/22 18:49
275,Dingle,10.9995,122.6711,74.89,89,24,7.27,PH,11/27/22 18:49
276,Jutai,-5.1833,-68.9,74.71,98,100,1.99,BR,11/27/22 18:49
277,Bria,6.5423,21.9863,76.69,39,9,4.03,CF,11/27/22 18:49
278,Starkville,33.4504,-88.8184,64.27,52,20,6.91,US,11/27/22 18:48
279,Filadelfia,39.9523,-75.1638,50.02,91,100,10.36,US,11/27/22 18:44
280,Husavik,66.0449,-17.3389,35.89,97,100,23.24,IS,11/27/22 18:49
281,Salinopolis,-0.6136,-47.3561,84.29,69,83,13.89,BR,11/27/22 18:49
282,Mackay,-21.15,149.2,73.69,82,100,7.49,AU,11/27/22 18:49
283,Port Blair,11.6667,92.75,77.04,88,20,0,IN,11/27/22 18:49
284,Herat,34.5,62,57.04,31,0,3.44,AF,11/27/22 18:49
285,Igarka,67.4667,86.5833,-3.33,98,97,11.12,RU,11/27/22 18:49
286,Erenhot,43.6475,111.9767,31.3,39,100,15.03,CN,11/27/22 18:49
287,Naze,28.3667,129.4833,70.72,71,100,12.41,JP,11/27/22 18:49
288,Srednekolymsk,67.45,153.6833,-40.05,99,38,0.6,RU,11/27/22 18:49
289,Santa Maria Da Boa Vista,-8.8078,-39.8256,86.27,48,34,9.82,BR,11/27/22 18:49
290,Waingapu,-9.6567,120.2641,79.5,85,100,4.43,ID,11/27/22 18:49
291,Pyapon,16.2833,95.6833,75.45,93,85,3.33,MM,11/27/22 18:49
292,Rocha,-34.4833,-54.3333,80.33,59,8,15.19,UY,11/27/22 18:48
293,Buala,-8.145,159.5921,79.52,84,94,5.3,SB,11/27/22 18:49
294,Los Llanos De Aridane,28.6585,-17.9182,65.95,73,20,10.36,ES,11/27/22 18:49
295,Tautira,-17.7333,-149.15,77.2,76,66,11.81,PF,11/27/22 18:49
296,Copiapo,-27.3667,-70.3333,65.89,37,1,10.33,CL,11/27/22 18:49
297,Lata,40.1629,-8.3327,55.08,96,100,5.59,PT,11/27/22 18:49
298,Olenegorsk,68.15,33.3,25.43,91,100,9.86,RU,11/27/22 18:49
299,Saint George,37.1041,-113.5841,51.94,42,0,1.01,US,11/27/22 18:49
300,Jandaia Do Sul,-23.6031,-51.6433,83.05,53,97,8.7,BR,11/27/22 18:49
301,Ucluelet,48.9329,-125.5528,42.1,85,9,16.8,CA,11/27/22 18:49
302,Bay Roberts,47.5999,-53.2648,44.15,94,100,5.01,CA,11/27/22 18:49
303,Thunder Bay,48.4001,-89.3168,33.78,60,100,8.05,CA,11/27/22 18:46
304,Northam,51.0333,-4.2167,48.38,89,50,11.18,GB,11/27/22 18:49
305,San Quintin,30.4833,-115.95,66.38,52,0,5.75,MX,11/27/22 18:46
306,Dali,25.7,100.1833,46.08,76,0,5.44,CN,11/27/22 18:49
307,Faya,18.3851,42.4509,57.72,61,2,4.38,SA,11/27/22 18:49
308,Bethel,41.3712,-73.414,51.94,76,100,3.44,US,11/27/22 18:49
309,Beloha,-25.1667,45.05,75.7,70,86,1.81,MG,11/27/22 18:47
310,Eenhana,-17.4667,16.3333,77.45,49,61,8.48,NA,11/27/22 18:49
311,Natchitoches,31.7668,-93.1335,69.78,43,0,4.61,US,11/27/22 18:49
312,Chilliwack,49.1747,-121.9443,44.19,68,100,8.01,CA,11/27/22 18:49
313,Lasa,46.6166,10.7002,38.35,59,100,0.67,IT,11/27/22 18:49
314,College,64.8569,-147.8028,10.72,86,100,0,US,11/27/22 18:49
315,Meulaboh,4.1363,96.1285,76.46,87,99,3,ID,11/27/22 18:50
316,Paciran,-6.8767,112.3761,76.51,88,100,7.78,ID,11/27/22 18:50
317,Mokhsogollokh,61.4681,128.9203,-42.02,99,82,3.18,RU,11/27/22 18:50
318,Hambantota,6.1241,81.1185,75.54,100,40,4.61,LK,11/27/22 18:50
319,Sao Felix Do Xingu,-6.6447,-51.995,87.55,58,100,3.18,BR,11/27/22 18:50
320,Bobo Dioulasso,11.1771,-4.2979,81.05,29,100,4.61,BF,11/27/22 18:50
321,Dengzhou,37.8086,120.7508,56.62,94,100,9.17,CN,11/27/22 18:50
322,Nhulunbuy,-12.2333,136.7667,79.41,89,100,3.44,AU,11/27/22 18:50
323,Spencer,43.1414,-95.1444,41.72,56,0,12.66,US,11/27/22 18:50
324,Prince George,53.9166,-122.753,23.25,71,75,14.97,CA,11/27/22 18:46
325,Pangnirtung,66.1451,-65.7125,4.51,75,100,4.52,CA,11/27/22 18:50
326,Padang,-0.9492,100.3543,75.25,85,100,3.29,ID,11/27/22 18:50
327,Vila Franca Do Campo,37.7167,-25.4333,64.2,75,18,9.69,PT,11/27/22 18:50
328,Sobolevo,54.4299,31.8996,31.48,98,100,9.6,RU,11/27/22 18:50
329,Lazarev,52.225,141.5131,1.78,90,5,4.88,RU,11/27/22 18:50
330,Leningradskiy,69.3833,178.4167,-13.76,90,16,6.17,RU,11/27/22 18:50
331,Teya,60.3778,92.6267,-16.96,98,100,3.67,RU,11/27/22 18:50
332,Kjollefjord,70.9457,27.3465,33.85,80,0,14.97,NO,11/27/22 18:50
333,La Ronge,55.1001,-105.2842,25.05,74,75,13.8,CA,11/27/22 18:50
334,Brae,60.3964,-1.353,48.52,82,4,14.34,GB,11/27/22 18:50
335,Mnogovershinnyy,53.9353,139.9242,6.58,92,90,9.78,RU,11/27/22 18:50
336,Ipoh,4.5841,101.0829,75.11,100,40,1.14,MY,11/27/22 18:49
337,Pevek,69.7008,170.3133,-17.57,89,100,4.32,RU,11/27/22 18:50
338,Kalaleh,37.3807,55.4916,60.4,82,100,4.61,IR,11/27/22 18:50
339,Axim,4.8699,-2.2405,79.57,79,10,7.81,GH,11/27/22 18:50
340,Udachnyy,66.4167,112.4,-8.55,76,100,5.57,RU,11/27/22 18:50
341,Nishihara,26.1842,127.7558,76.28,73,40,19.57,JP,11/27/22 18:50
342,Changde,29.0464,111.6783,64.54,91,100,10.83,CN,11/27/22 18:50
343,Puerto Escondido,15.85,-97.0667,85.91,62,34,7.52,MX,11/27/22 18:50
344,Quepos,9.4236,-84.1652,79.48,85,99,5.7,CR,11/27/22 18:50
345,Quirinopolis,-18.4483,-50.4517,93.31,22,70,7.34,BR,11/27/22 18:50
346,Mount Gambier,-37.8333,140.7667,48.9,84,92,6.02,AU,11/27/22 18:50
347,Borger,52.9233,6.7931,45,89,100,14.16,NL,11/27/22 18:50
348,Bimbo,4.2567,18.4158,75.38,70,39,4.43,CF,11/27/22 18:50
349,Kodinsk,58.6881,99.1844,-13.61,94,100,6.62,RU,11/27/22 18:50
350,Lincoln,40.8,-96.667,44.29,49,0,17.27,US,11/27/22 18:49
351,Gat,31.61,34.7642,65.39,100,100,1.59,IL,11/27/22 18:47
352,Kawalu,-7.3817,108.2082,71.69,97,100,1.68,ID,11/27/22 18:50
353,Shenzhen,22.5455,114.0683,77.85,97,53,6.31,CN,11/27/22 18:50
354,Pacific Grove,36.6177,-121.9166,66.38,62,0,10,US,11/27/22 18:50
355,Staroshcherbinovskaya,46.6311,38.6742,43.74,83,100,7.29,RU,11/27/22 18:50
356,Truro,50.2653,-5.0544,52.56,87,75,10.36,GB,11/27/22 18:50
357,Montevideo,-34.8335,-56.1674,84.22,72,40,13.8,UY,11/27/22 18:50
358,Alyangula,-13.8483,136.4192,82.49,77,100,7.05,AU,11/27/22 18:50
359,Ancud,-41.8697,-73.8203,68.14,55,20,6.51,CL,11/27/22 18:51
360,Qujing,25.4833,103.7833,55.56,74,0,13.62,CN,11/27/22 18:51
361,Hohhot,40.8106,111.6522,25.09,86,0,4.47,CN,11/27/22 18:51
362,Tabou,4.423,-7.3528,78.49,81,17,7.65,CI,11/27/22 18:51
363,Were Ilu,10.6,39.4333,51.76,68,72,6.53,ET,11/27/22 18:51
364,Guanica,17.9716,-66.908,86.05,70,7,8.23,PR,11/27/22 18:51
365,Isangel,-19.55,169.2667,75.31,88,7,0,VU,11/27/22 18:51
366,Lahad Datu,5.0268,118.327,74.44,94,75,3.6,MY,11/27/22 18:51
367,Berlevag,70.8578,29.0864,30.15,80,20,12.66,NO,11/27/22 18:50
368,Dhamtari,20.7072,81.5497,57.49,56,0,3.13,IN,11/27/22 18:51
369,Belaya Gora,68.5333,146.4167,-35.84,100,96,0.65,RU,11/27/22 18:51
370,Katsuura,35.1333,140.3,59.05,68,100,7.18,JP,11/27/22 18:51
371,Vila Velha,-20.3297,-40.2925,76.95,88,100,11.5,BR,11/27/22 18:48
372,Kapit,2.0167,112.9333,72.9,99,100,0.51,MY,11/27/22 18:51
373,La Spezia,44.1105,9.8434,51.73,72,100,7.18,IT,11/27/22 18:51
374,Verkhniy Mamon,50.1635,40.3832,33.94,81,100,9.22,RU,11/27/22 18:51
375,Kurilsk,45.2333,147.8833,34.84,61,93,13.56,RU,11/27/22 18:51
376,Sao Jose Da Coroa Grande,-8.8978,-35.1478,81.32,71,9,13.8,BR,11/27/22 18:51
377,Outlook,51.5001,-107.0513,34.23,68,100,7.61,CA,11/27/22 18:52
378,Nagato,34.3833,131.2,57.78,69,100,7.14,JP,11/27/22 18:52
379,Charters Towers,-20.1,146.2667,71.44,93,100,2.77,AU,11/27/22 18:52
380,Kungurtug,50.5994,97.5228,-23.78,98,100,1.43,RU,11/27/22 18:50
381,Biak,-0.9131,122.8766,76.03,84,75,3.31,ID,11/27/22 18:52
382,Washington,47.5001,-120.5015,41.58,55,0,5.64,US,11/27/22 18:50
383,Toamasina,-18.1667,49.3833,77,73,20,4.61,MG,11/27/22 18:52
384,Tura,25.5198,90.2201,60.3,86,0,3.38,IN,11/27/22 18:51
385,Kamachumu,-1.6186,31.62,65.73,69,100,4.23,TZ,11/27/22 18:52
386,Evensk,61.95,159.2333,19.2,92,100,23.22,RU,11/27/22 18:52
387,Mombasa,-4.0547,39.6636,81.01,78,40,6.91,KE,11/27/22 18:47
388,La Asuncion,11.0333,-63.8628,82.13,89,100,13.8,VE,11/27/22 18:52
389,Allende,25.2833,-100.0167,79.12,23,0,4.54,MX,11/27/22 18:48
390,Jalu,29.0331,21.5482,60.28,66,75,5.97,LY,11/27/22 18:52
391,Egvekinot,66.3167,-179.1667,-3.15,81,39,6.15,RU,11/27/22 18:47
392,Aljezur,37.3191,-8.8033,61.14,91,100,8.08,PT,11/27/22 18:52
393,Coahuayana,18.7333,-103.6833,88.83,46,0,6.08,MX,11/27/22 18:52
394,Posse,-14.0931,-46.3694,78.8,65,55,2.68,BR,11/27/22 18:52
395,Heilbron,-27.2812,27.9709,61.93,64,100,5.3,ZA,11/27/22 18:52
396,San Borja,-14.8167,-66.85,102.11,18,16,4.23,BO,11/27/22 18:52
397,Acajutla,13.5928,-89.8275,80.89,78,97,5.21,SV,11/27/22 18:52
398,Namibe,-15.1961,12.1522,70.5,85,100,7.58,AO,11/27/22 18:52
399,Iwata,34.7,137.85,55.02,83,100,1.99,JP,11/27/22 18:52
400,Sola,-13.8833,167.55,74.07,94,76,0,VU,11/27/22 18:52
401,Goya,-29.14,-59.2626,102.09,18,0,8.9,AR,11/27/22 18:52
402,Mvuma,-19.2792,30.5283,62.26,90,100,1.23,ZW,11/27/22 18:52
403,Mapimi,25.8167,-103.85,71.83,12,0,1.81,MX,11/27/22 18:52
404,Tungor,53.3808,142.9564,16.88,81,98,14.76,RU,11/27/22 18:52
405,Tamandare,-8.7597,-35.1047,81.68,70,8,12.73,BR,11/27/22 18:53
406,Touros,-5.1989,-35.4608,81.66,67,100,12.5,BR,11/27/22 18:53
407,Asau,46.4333,26.4,36.52,98,100,2.68,RO,11/27/22 18:53
408,Roald,62.5833,6.1333,52.72,66,20,16.11,NO,11/27/22 18:53
409,San Ramon,37.7799,-121.978,63.14,51,0,1.01,US,11/27/22 18:51
410,Inuvik,68.3499,-133.7218,-15.59,76,20,1.14,CA,11/27/22 18:53
411,Polson,47.6936,-114.1632,39.22,76,100,12.24,US,11/27/22 18:53
412,Coquimbo,-29.9533,-71.3436,65.93,72,75,9.22,CL,11/27/22 18:53
413,Laguna,38.421,-121.4238,64.09,57,40,1.01,US,11/27/22 18:53
414,Chaihe,44.7667,129.7,13.35,92,100,1.54,CN,11/27/22 18:53
415,Tateyama,34.9833,139.8667,60.44,66,100,6.33,JP,11/27/22 18:53
416,Bajil,15.0584,43.2851,79.7,66,44,4.27,YE,11/27/22 18:53
417,Abonnema,4.7084,6.7931,79.5,79,23,8.32,NG,11/27/22 18:53
418,Ahipara,-35.1667,173.1667,59.31,71,100,10,NZ,11/27/22 18:53
419,Kruisfontein,-34.0033,24.7314,59.2,93,4,7.31,ZA,11/27/22 18:53
420,Sao Desiderio,-12.3633,-44.9733,78.89,72,100,5.21,BR,11/27/22 18:53
421,Limbang,4.75,115,77.11,96,100,2.1,MY,11/27/22 18:53
422,Burnie,-41.0667,145.9167,44.94,85,94,8.57,AU,11/27/22 18:53
423,Mareeba,-17,145.4333,74.44,94,100,1.05,AU,11/27/22 18:53
424,Sterling,39.0062,-77.4286,50.7,95,100,5.75,US,11/27/22 18:53
425,Ginir,7.1333,40.7,58.39,61,100,4.68,ET,11/27/22 18:51
426,Kieta,-6.2167,155.6333,79.63,85,100,5.06,PG,11/27/22 18:53
427,Tenenkou,14.4572,-4.9169,80.65,11,100,10.04,ML,11/27/22 18:53
428,Parabel,58.6978,81.4825,-5.76,90,100,6.8,RU,11/27/22 18:53
429,Tazovskiy,67.4667,78.7,9,95,92,8.5,RU,11/27/22 18:53
430,Riemst,50.8098,5.6044,47.34,84,100,5.75,BE,11/27/22 18:53
431,Durango,24.8333,-104.8333,70.88,7,0,7.34,MX,11/27/22 18:48
432,Karratha,-20.7377,116.8463,79.75,49,14,17.18,AU,11/27/22 18:53
433,Jansath,29.3333,77.85,60.51,41,0,2.68,IN,11/27/22 18:53
434,Parfenyevo,58.484,43.4088,9.99,98,80,4.25,RU,11/27/22 18:53
435,Geraldton,-28.7667,114.6,59.41,82,0,6.91,AU,11/27/22 18:53
436,Llanes,43.4198,-4.7549,57.88,89,100,12.73,ES,11/27/22 18:53
437,Bilibino,68.0546,166.4372,-8.91,89,100,2.82,RU,11/27/22 18:53
438,Tarakan,3.3,117.6333,79.68,80,89,5.08,ID,11/27/22 18:49
439,Oriximina,-1.7656,-55.8661,89.67,50,45,4.12,BR,11/27/22 18:53
440,Sibolga,1.7427,98.7792,75.81,85,95,2.51,ID,11/27/22 18:53
441,Taybad,34.74,60.7756,60.26,31,0,3.22,IR,11/27/22 18:53
442,Sabha,27.0377,14.4283,56.03,42,5,10.16,LY,11/27/22 18:53
443,Nome,64.5011,-165.4064,1.17,88,100,6.49,US,11/27/22 18:53
444,Ponta Do Sol,32.6667,-17.1,70.43,77,0,4.7,PT,11/27/22 18:53
445,Villa Carlos Paz,-31.4241,-64.4978,97.39,14,0,11.01,AR,11/27/22 18:49
446,Kenitra,34.261,-6.5802,65.16,72,0,4.21,MA,11/27/22 18:53
447,Kashi,39.4547,75.9797,42.01,20,0,6.71,CN,11/27/22 18:53
448,Kikwit,-5.041,18.8162,69.71,95,53,1.07,CD,11/27/22 18:52
449,High Level,58.5169,-117.136,14.11,79,75,21.85,CA,11/27/22 18:50
450,Stefan Cel Mare,46.9833,26.5167,38.75,75,100,3.89,RO,11/27/22 18:54
451,Darab,28.7519,54.5444,62.65,33,0,3.42,IR,11/27/22 18:54
452,Fairbanks,64.8378,-147.7164,10.74,86,40,0,US,11/27/22 18:50
453,Iqaluit,63.7506,-68.5145,10.13,66,100,17.27,CA,11/27/22 18:54
454,Oga,46.4631,10.347,30.96,59,100,2.15,IT,11/27/22 18:54
455,Vacaville,38.3566,-121.9877,64.26,49,0,3.44,US,11/27/22 18:51
456,Belyy Yar,53.6039,91.3903,-7.71,77,75,4.47,RU,11/27/22 18:54
457,Price,39.5994,-110.8107,39.11,42,98,3.15,US,11/27/22 18:54
458,San Pedro,14.35,121.0167,78.31,80,20,2.3,PH,11/27/22 18:54
459,Oranjemund,-28.55,16.4333,63.25,77,0,13.15,NA,11/27/22 18:54
460,Mkushi,-13.6202,29.3939,64.98,89,100,1.54,ZM,11/27/22 18:54
461,Bintulu,3.1667,113.0333,75.61,94,20,3.44,MY,11/27/22 18:54
462,Rawatsar,29.2833,74.3833,65.16,20,0,4.54,IN,11/27/22 18:54
463,Helena,46.5927,-112.0361,42.17,54,100,5.01,US,11/27/22 18:54
464,Gigmoto,13.7796,124.39,79.7,82,34,9.1,PH,11/27/22 18:54
465,Maumere,-8.6199,122.2111,80.44,79,100,2.71,ID,11/27/22 18:54
466,Te Horo,-40.8084,175.1233,55.8,79,95,5.99,NZ,11/27/22 18:54
467,Dhidhdhoo,6.8833,73.1,80.65,73,64,6.89,MV,11/27/22 18:54
468,Teguise,29.0605,-13.564,68.22,78,20,17.27,ES,11/27/22 18:54
469,Half Moon Bay,37.4636,-122.4286,65.48,67,75,3.44,US,11/27/22 18:54
470,Meadow Lake,34.8014,-106.5436,50.85,32,1,10.22,US,11/27/22 18:54
471,Te Anau,-45.4167,167.7167,42.78,95,100,1.36,NZ,11/27/22 18:54
472,Kudirkos Naumiestis,54.7731,22.8631,30.74,96,100,3.22,LT,11/27/22 18:54
473,May Pen,17.9645,-77.2451,87.01,51,0,9.26,JM,11/27/22 18:54
474,Nanortalik,60.1432,-45.2371,28.98,83,100,7.38,GL,11/27/22 18:54
475,Weligama,5.9667,80.4167,75.36,87,100,3.76,LK,11/27/22 18:54
476,Scarborough,54.2797,-0.4044,47.34,90,100,8.01,GB,11/27/22 18:53
477,Chernyshevsk,52.5243,117.0174,-20.99,100,93,0.6,RU,11/27/22 18:54
478,Havoysund,70.9963,24.6622,34.03,77,12,6.4,NO,11/27/22 18:54
479,Chippewa Falls,44.9369,-91.3929,41.68,68,20,11.5,US,11/27/22 18:54
480,Makakilo City,21.3469,-158.0858,74.19,66,0,0,US,11/27/22 18:54
481,Kananga,-5.8958,22.4178,67.15,94,92,1.3,CD,11/27/22 18:54
482,Port Macquarie,-31.4333,152.9167,67.89,68,87,4.81,AU,11/27/22 18:54
483,Sur,22.5667,59.5289,76.69,63,29,3.18,OM,11/27/22 18:54
484,Poum,-20.2333,164.0167,78.48,78,71,14,NC,11/27/22 18:55
485,Aswan,24.0934,32.907,74.5,43,0,4.61,EG,11/27/22 18:54
486,Solnechnyy,50.7214,136.6319,8.56,94,100,1.83,RU,11/27/22 18:55
487,Tefe,-3.3542,-64.7114,91.51,66,40,3.44,BR,11/27/22 18:55
488,Penzance,50.1186,-5.5371,52.48,76,3,23.17,GB,11/27/22 18:55
489,Chalmette,29.9427,-89.9634,75.99,46,0,7,US,11/27/22 18:55
490,Alenquer,-1.9417,-54.7383,91.51,44,98,2.77,BR,11/27/22 18:55
491,Genhe,50.7833,121.5167,-14.31,100,99,2.15,CN,11/27/22 18:55
492,Zhigansk,66.7697,123.3711,-27.22,96,100,12.97,RU,11/27/22 18:55
493,Monrovia,6.3005,-10.7969,79.59,77,94,7.67,LR,11/27/22 18:55
494,Salalah,17.0151,54.0924,75.99,51,75,1.59,OM,11/27/22 18:55
495,Turukhansk,65.8167,87.9833,-4.68,97,100,10.6,RU,11/27/22 18:55
496,Eirunepe,-6.6603,-69.8736,79.32,79,100,3.49,BR,11/27/22 18:55
497,Korla,41.7597,86.1469,23.07,27,58,4.32,CN,11/27/22 18:55
498,Wiang Sa,8.6359,99.3666,82.85,89,52,0.96,TH,11/27/22 18:55
499,Aripuana,-9.1667,-60.6333,87.85,53,100,0.67,BR,11/27/22 18:56
500,Dalvik,65.9702,-18.5286,37.33,98,100,7.52,IS,11/27/22 18:56
501,Synya,65.3718,58.0387,-5.42,98,94,6.71,RU,11/27/22 18:56
502,Sorong,-0.8833,131.25,80.73,79,62,3.71,ID,11/27/22 18:56
503,Vila,42.0304,-8.1588,45.48,94,35,3.33,PT,11/27/22 18:56
504,Buraydah,26.326,43.975,73.85,35,58,11.41,SA,11/27/22 18:52
505,Zaragoza,41.6561,-0.8773,49.01,78,0,3,ES,11/27/22 18:56
506,Kattivakkam,13.2167,80.3167,80.69,79,97,6.29,IN,11/27/22 18:56
507,Usta Muhammad,28.1794,68.0445,65.28,20,0,2.04,PK,11/27/22 18:56
508,Mazyr,52.0495,29.2456,28.53,98,100,5.68,BY,11/27/22 18:56
509,Walvis Bay,-22.9575,14.5053,60.1,77,56,4.61,NA,11/27/22 18:56
510,Arys,42.4252,68.795,35.8,44,99,11.52,KZ,11/27/22 18:56
511,Miandoab,36.9694,46.1027,41.38,61,75,1.57,IR,11/27/22 18:56
512,Misratah,32.3754,15.0925,65.01,73,3,21.34,LY,11/27/22 18:56
513,Kenai,60.5544,-151.2583,15.15,79,0,3.44,US,11/27/22 18:51
514,Svetlyy,54.675,20.1347,34.97,93,100,5.44,RU,11/27/22 18:56
515,Andreyevo,55.9465,41.1505,17.26,94,100,8.3,RU,11/27/22 18:56
516,Cockburn Town,21.4612,-71.1419,84.16,61,40,9.22,TC,11/27/22 18:56
517,Rundu,-17.9333,19.7667,75.96,56,52,1.61,NA,11/27/22 18:56
518,Guiglo,6.5456,-7.4966,79.92,54,46,3.49,CI,11/27/22 18:56
519,Biltine,14.5333,20.9167,77.65,16,100,6.78,TD,11/27/22 18:56
520,Vilyuysk,63.7553,121.6247,-37.3,100,86,2.48,RU,11/27/22 18:56
521,Nabire,-3.3667,135.4833,74.93,92,100,3.85,ID,11/27/22 18:56
522,Roma,43.2128,-75.4557,45.09,87,100,3,US,11/27/22 18:56
523,Whitewater,42.8336,-88.7323,40.98,85,100,14.63,US,11/27/22 18:56
524,Saint-Francois,46.4154,3.9054,40.44,93,0,1.14,FR,11/27/22 18:56
525,Kudahuvadhoo,2.6708,72.8944,80.49,74,100,5.61,MV,11/27/22 18:56
526,Brigantine,39.4101,-74.3646,55.02,90,100,20.71,US,11/27/22 18:56
527,Jizan,17.3333,42.6667,83.34,67,0,2.24,SA,11/27/22 18:56
528,Lardos,36.0942,28.0157,66.94,63,100,14.25,GR,11/27/22 18:56
529,Keshabpur,22.9183,89.2112,66.52,52,1,2.98,BD,11/27/22 18:56
530,Dunedin,-45.8742,170.5036,49.8,85,6,0.98,NZ,11/27/22 18:56
531,Westport,41.1415,-73.3579,56.17,77,100,1.99,US,11/27/22 18:56
532,Nurota,40.5614,65.6886,49.33,46,93,3.09,UZ,11/27/22 18:56
533,Sistranda,63.7256,8.834,44.56,78,100,10.31,NO,11/27/22 18:56
534,Sabang,5.8933,95.3214,81.28,76,100,9.73,ID,11/27/22 18:56
535,Itarema,-2.9248,-39.9167,83.05,67,100,15.32,BR,11/27/22 18:55
536,Chuka,-0.3332,37.6459,59.59,95,100,3.96,KE,11/27/22 18:56
537,Baker City,44.7749,-117.8344,37.58,69,100,6.29,US,11/27/22 18:56
538,Sarakhs,36.5449,61.1577,61.75,27,14,21.3,IR,11/27/22 18:56
539,Flinders,-34.5833,150.8552,64.18,86,94,4,AU,11/27/22 18:56
540,Russell,32.3502,-85.1999,69.08,52,0,11.5,US,11/27/22 18:54
541,Liwale,-9.7667,37.9333,73.63,70,2,7.52,TZ,11/27/22 18:56
542,Viedma,-40.8135,-62.9967,83.66,45,100,11.12,AR,11/27/22 18:53
543,Vanavara,60.34,102.2797,-18.8,96,100,8.43,RU,11/27/22 18:56
544,Raga,8.4596,25.678,79.32,27,100,3.56,SS,11/27/22 18:56
545,Vershino-Darasunskiy,52.35,115.5167,-9.22,95,100,3.22,RU,11/27/22 18:56
546,Yerbogachen,61.2767,108.0108,-19.46,91,100,9.04,RU,11/27/22 18:56
547,Gryazovets,58.88,40.2525,12.24,97,71,4.72,RU,11/27/22 18:57
548,Pijijiapan,15.7011,-93.23,84.36,77,97,5.14,MX,11/27/22 18:57
549,Namtsy,62.7161,129.6658,-44.5,100,99,2.84,RU,11/27/22 18:57
550,The Valley,18.217,-63.0578,85.86,70,40,12.66,AI,11/27/22 18:55
551,Motygino,58.1831,94.7592,-13.32,95,100,8.48,RU,11/27/22 18:57
552,Soimus,45.9167,22.9,36.39,87,98,2.01,RO,11/27/22 18:57